sample_idx,lambda,num_think_tokens,kept_tokens,dropped_tokens,skip_reason,occupancy@1,occupancy@2,occupancy@3,occupancy@4,occupancy@5
0,0.001,326,82,244,,0.8758620689655172,0.7172413793103448,0.6965517241379318,0.6741379310344827,0.6593103448275854
1,0.001,400,239,161,,0.9481481481481482,0.8925925925925926,0.8864197530864198,0.8759259259259259,0.8711111111111103
2,0.001,594,533,61,,0.9700854700854701,0.9636752136752137,0.9629629629629628,0.9423076923076923,0.9564102564102571
3,0.001,338,159,179,,0.8994082840236687,0.8402366863905325,0.8027613412228801,0.8298816568047337,0.8284023668639047
4,0.001,534,453,81,,0.9720930232558139,0.9209302325581395,0.9023255813953481,0.9058139534883721,0.9079069767441866
5,0.001,1348,935,413,,0.9356913183279743,0.9003215434083601,0.8863879957127544,0.8745980707395499,0.8733118971061116
6,0.001,515,78,437,,0.41361256544502617,0.3298429319371728,0.33856893542757444,0.3298429319371728,0.32670157068062855
7,0.001,1664,529,1135,,0.8461538461538461,0.7548076923076923,0.7371794871794877,0.7379807692307693,0.7240384615384614
8,0.001,3293,2607,686,,0.9487179487179487,0.8717948717948718,0.8581196581196577,0.867948717948718,0.8789743589743587
9,0.001,3069,2288,781,,0.9518987341772152,0.8974683544303798,0.8869198312236303,0.8835443037974684,0.8860759493670912
10,0.001,1537,774,763,,0.8943894389438944,0.8250825082508251,0.7876787678767864,0.7772277227722773,0.7986798679868002
11,0.001,2,,,truncated_max_new_tokens,,,,,
12,0.001,816,625,191,,0.9339622641509434,0.8915094339622641,0.8836477987421377,0.8844339622641509,0.8943396226415103
13,0.001,970,605,365,,0.9563636363636364,0.9163636363636364,0.8957575757575745,0.8772727272727273,0.8792727272727286
14,0.001,904,641,263,,0.9278846153846154,0.8557692307692307,0.8125,0.8016826923076923,0.808653846153846
15,0.001,1857,673,1184,,0.8336933045356372,0.7159827213822895,0.6976241900647953,0.6841252699784017,0.6967602591792686
16,0.001,2,,,truncated_max_new_tokens,,,,,
17,0.001,706,87,619,,0.8955823293172691,0.8353413654618473,0.8179384203480582,0.821285140562249,0.8265060240963862
18,0.001,549,511,38,,0.954337899543379,0.9315068493150684,0.9056316590563158,0.9178082191780822,0.9132420091324212
19,0.001,1126,469,657,,0.9503105590062112,0.8788819875776398,0.8726708074534157,0.8633540372670807,0.8590062111801268
20,0.001,633,209,424,,0.6221198156682027,0.4792626728110599,0.44854070660522305,0.4400921658986175,0.43041474654377904
21,0.001,3847,2372,1475,,0.9478260869565217,0.9028985507246376,0.8908212560386478,0.8833333333333333,0.8985507246376835
22,0.001,1151,360,791,,0.8614457831325302,0.7846385542168675,0.7610441767068258,0.766566265060241,0.7475903614457845
23,0.001,639,536,103,,0.9508196721311475,0.9524590163934427,0.936612021857923,0.9336065573770492,0.9252459016393461
24,0.001,637,28,609,,0.8407643312101911,0.7515923566878981,0.7133757961783447,0.7038216560509554,0.6904458598726104
25,0.001,768,506,262,,0.9473684210526315,0.9078947368421053,0.9060150375939838,0.8919172932330827,0.8947368421052644
26,0.001,477,179,298,,0.9322709163346613,0.8585657370517928,0.8539176626826016,0.8436254980079682,0.8494023904382482
27,0.001,1997,1791,206,,0.9663865546218487,0.9159663865546218,0.9075630252100834,0.8991596638655462,0.896638655462186
28,0.001,1337,1052,285,,0.9607843137254902,0.9338235294117647,0.9019607843137245,0.9080882352941176,0.9078431372549022
29,0.001,1379,1105,274,,0.9551282051282052,0.907051282051282,0.9038461538461533,0.8966346153846154,0.8987179487179503
30,0.001,1858,1266,592,,0.9259259259259259,0.8382716049382716,0.7991769547325105,0.7759259259259259,0.7762962962962996
31,0.001,714,548,166,,0.9555555555555556,0.9155555555555556,0.9199999999999992,0.9055555555555556,0.9004444444444453
32,0.001,1733,1569,164,,0.9609375,0.927734375,0.9153645833333327,0.9189453125,0.9007812500000014
33,0.001,701,552,149,,0.9624413145539906,0.9178403755868545,0.9076682316118931,0.9237089201877934,0.9248826291079819
34,0.001,536,415,121,,0.9565217391304348,0.927536231884058,0.91304347826087,0.9221014492753623,0.913043478260869
35,0.001,565,472,93,,0.9574468085106383,0.925531914893617,0.8992907801418432,0.9085106382978724,0.895319148936171
36,0.001,567,396,171,,0.9069767441860465,0.8081395348837209,0.7926356589147294,0.7863372093023255,0.7883720930232552
37,0.001,1644,1510,134,,0.9573643410852714,0.9302325581395349,0.9082687338501284,0.9050387596899225,0.9232558139534891
38,0.001,2,,,truncated_max_new_tokens,,,,,
39,0.001,4647,4262,385,,0.95703125,0.93359375,0.9205729166666661,0.8955078125,0.9132812500000014
40,0.001,1816,1094,722,,0.9348659003831418,0.9272030651340997,0.9157088122605359,0.8994252873563219,0.9126436781609212
41,0.001,357,206,151,,0.8865979381443299,0.8298969072164949,0.7903780068728523,0.7783505154639175,0.7752577319587624
42,0.001,1009,995,14,,0.9680851063829787,0.9468085106382979,0.955082742316785,0.9618794326241135,0.9453900709219869
43,0.001,1905,1437,468,,0.9141414141414141,0.9292929292929293,0.8771043771043765,0.8914141414141414,0.893939393939394
44,0.001,592,262,330,,0.9193548387096774,0.8494623655913979,0.8422939068100357,0.8494623655913979,0.8451612903225809
45,0.001,679,214,465,,0.875,0.7975,0.7666666666666666,0.775,0.7849999999999995
46,0.001,623,283,340,,0.9297520661157025,0.9028925619834711,0.8787878787878778,0.8863636363636364,0.8884297520661172
47,0.001,1177,825,352,,0.9620253164556962,0.9261603375527426,0.90576652601969,0.9061181434599156,0.9021097046413517
48,0.001,524,230,294,,0.8805970149253731,0.7786069651741293,0.7860696517412935,0.7823383084577115,0.790049751243781
49,0.001,838,389,449,,0.965,0.9075,0.8849999999999996,0.8775,0.8800000000000006
50,0.001,2,,,truncated_max_new_tokens,,,,,
51,0.001,725,719,6,,0.9849056603773585,0.9792452830188679,0.9748427672955972,0.970754716981132,0.9622641509433969
52,0.001,753,513,240,,0.9409448818897638,0.8838582677165354,0.8700787401574794,0.8690944881889764,0.850393700787403
53,0.001,431,395,36,,0.9691358024691358,0.9166666666666666,0.9259259259259256,0.9274691358024691,0.9234567901234569
54,0.001,1774,1320,454,,0.9563106796116505,0.9053398058252428,0.9061488673139151,0.912621359223301,0.8961165048543703
55,0.001,805,478,327,,0.9493087557603687,0.9032258064516129,0.8940092165898609,0.8824884792626728,0.874654377880185
56,0.001,410,238,172,,0.920863309352518,0.8597122302158273,0.8081534772182257,0.814748201438849,0.8129496402877686
57,0.001,734,194,540,,0.962457337883959,0.8754266211604096,0.8657565415244585,0.8728668941979523,0.8552901023890808
58,0.001,1386,1086,300,,0.9531914893617022,0.9106382978723404,0.9092198581560277,0.9,0.9012765957446817
59,0.001,2,,,truncated_max_new_tokens,,,,,
60,0.001,1337,702,635,,0.9221311475409836,0.8975409836065574,0.8920765027322395,0.875,0.8704918032786895
61,0.001,804,217,587,,0.9454022988505747,0.8721264367816092,0.8304597701149419,0.8599137931034483,0.8459770114942556
62,0.001,809,609,200,,0.9490909090909091,0.9218181818181819,0.9018181818181811,0.9209090909090909,0.9141818181818198
63,0.001,1889,1513,376,,0.9133333333333333,0.885,0.8799999999999994,0.8808333333333334,0.8813333333333353
64,0.001,556,547,9,,0.990228013029316,0.9641693811074918,0.9663409337676441,0.9682410423452769,0.9596091205211734
65,0.001,992,939,53,,0.9464285714285714,0.9255952380952381,0.9265873015873012,0.9151785714285714,0.9261904761904765
66,0.001,1387,963,424,,0.9558823529411765,0.913235294117647,0.9098039215686282,0.899264705882353,0.8988235294117669
67,0.001,5104,4195,909,,0.9166666666666666,0.8994252873563219,0.8793103448275861,0.8728448275862069,0.8729885057471287
68,0.001,772,565,207,,0.9733727810650887,0.915680473372781,0.9171597633136092,0.8964497041420119,0.8946745562130201
69,0.001,381,322,59,,0.9605263157894737,0.9210526315789473,0.9057017543859655,0.899671052631579,0.9236842105263152
70,0.001,549,421,128,,0.9712643678160919,0.9540229885057471,0.9252873563218391,0.9367816091954023,0.9241379310344828
71,0.001,463,106,357,,0.6619718309859155,0.5610328638497653,0.5179968701095464,0.528169014084507,0.5352112676056336
72,0.001,896,419,477,,0.9440993788819876,0.8866459627329193,0.87991718426501,0.8788819875776398,0.8906832298136665
73,0.001,524,45,479,,0.6153846153846154,0.534965034965035,0.46620046620046623,0.45454545454545453,0.42517482517482535
74,0.001,808,178,630,,0.852112676056338,0.7640845070422535,0.7523474178403743,0.7491197183098591,0.7225352112676064
75,0.001,394,43,351,,0.5671641791044776,0.49502487562189057,0.5024875621890547,0.4925373134328358,0.46567164179104503
76,0.001,906,595,311,,0.967479674796748,0.9288617886178862,0.9200542005420049,0.9085365853658537,0.9032520325203262
77,0.001,638,291,347,,0.9494949494949495,0.9090909090909091,0.9006734006734003,0.8926767676767676,0.8848484848484851
78,0.001,1843,1239,604,,0.9433962264150944,0.9339622641509434,0.9056603773584898,0.8867924528301887,0.884905660377359
79,0.001,313,250,63,,0.9634146341463414,0.8170731707317073,0.8252032520325199,0.8201219512195121,0.8170731707317066
80,0.001,1089,629,460,,0.8603351955307262,0.7960893854748603,0.8286778398510244,0.8449720670391061,0.8569832402234634
81,0.001,995,771,224,,0.9138755980861244,0.8516746411483254,0.8389154704944173,0.8409090909090909,0.8440191387559811
82,0.001,561,299,262,,0.9212598425196851,0.8937007874015748,0.850393700787402,0.8700787401574803,0.8582677165354322
83,0.001,919,698,221,,0.9201680672268907,0.9117647058823529,0.8977591036414561,0.8991596638655462,0.8915966386554636
84,0.001,1119,816,303,,0.9013605442176871,0.858843537414966,0.8718820861677998,0.8639455782312925,0.865986394557825
85,0.001,746,516,230,,0.9337016574585635,0.8701657458563536,0.8600368324125228,0.8839779005524862,0.8872928176795581
86,0.001,636,513,123,,0.9308510638297872,0.8962765957446809,0.881205673758865,0.898936170212766,0.876595744680851
87,0.001,722,548,174,,0.9288702928870293,0.891213389121339,0.8842398884239879,0.897489539748954,0.8970711297071136
88,0.001,615,391,224,,0.9387755102040817,0.9115646258503401,0.8888888888888892,0.8843537414965986,0.8843537414965978
89,0.001,1286,728,558,,0.9437751004016064,0.8855421686746988,0.8982597054886204,0.8724899598393574,0.8738955823293187
90,0.001,532,281,251,,0.9411764705882353,0.907563025210084,0.8879551820728295,0.9033613445378151,0.9092436974789909
91,0.001,702,49,653,,0.427536231884058,0.42391304347826086,0.42995169082125606,0.4166666666666667,0.40434782608695646
92,0.001,1906,1372,534,,0.9826086956521739,0.9217391304347826,0.9275362318840583,0.9115942028985508,0.9026086956521765
93,0.001,574,351,223,,0.898989898989899,0.8535353535353535,0.8670033670033667,0.8661616161616161,0.8515151515151518
94,0.001,504,443,61,,0.9733333333333334,0.9533333333333334,0.9333333333333336,0.945,0.9319999999999997
95,0.001,1726,1478,248,,0.975,0.9416666666666667,0.9236111111111103,0.9197916666666667,0.9108333333333343
96,0.001,587,297,290,,0.8768656716417911,0.792910447761194,0.7686567164179096,0.7527985074626866,0.7552238805970157
97,0.001,2870,2459,411,,0.9391304347826087,0.8956521739130435,0.8797101449275354,0.875,0.8513043478260882
98,0.001,7075,6648,427,,0.967032967032967,0.9175824175824175,0.9413919413919413,0.9093406593406593,0.9230769230769228
99,0.001,2592,1784,808,,0.9447368421052632,0.9026315789473685,0.8754385964912286,0.8802631578947369,0.8778947368421077
100,0.001,579,235,344,,0.905829596412556,0.8430493273542601,0.8206278026905822,0.8329596412556054,0.8358744394618838
101,0.001,2554,2125,429,,0.9520958083832335,0.8832335329341318,0.9001996007984031,0.8877245508982036,0.9017964071856286
102,0.001,1233,984,249,,0.9393939393939394,0.9267676767676768,0.9225589225589224,0.9053030303030303,0.9050505050505055
103,0.001,6258,5566,692,,0.9598108747044918,0.9243498817966903,0.9172576832151313,0.9231678486997635,0.9295508274231697
104,0.001,600,378,222,,0.8272251308900523,0.7094240837696335,0.6806282722513095,0.6531413612565445,0.6345549738219884
105,0.001,358,308,50,,0.9827586206896551,0.9454022988505747,0.9214559386973178,0.9339080459770115,0.9160919540229888
106,0.001,543,440,103,,0.96,0.9,0.9199999999999998,0.9,0.9079999999999996
107,0.001,957,615,342,,0.9320388349514563,0.8932038834951457,0.8818770226537214,0.8652912621359223,0.858252427184467
108,0.001,923,458,465,,0.9604221635883905,0.91688654353562,0.9041336851363243,0.9116094986807388,0.9055408970976279
109,0.001,572,479,93,,0.9819277108433735,0.9246987951807228,0.9216867469879515,0.9156626506024096,0.9084337349397593
110,0.001,803,537,266,,0.9360902255639098,0.9097744360902256,0.9122807017543849,0.8956766917293233,0.8902255639097761
111,0.001,476,69,407,,0.7659574468085106,0.6329787234042553,0.6276595744680848,0.6170212765957447,0.6042553191489362
112,0.001,1249,1064,185,,0.927461139896373,0.8911917098445595,0.8635578583765106,0.8471502590673575,0.8497409326424871
113,0.001,635,326,309,,0.941747572815534,0.8640776699029126,0.8802588996763745,0.8713592233009708,0.8825242718446613
114,0.001,610,384,226,,0.9641255605381166,0.9260089686098655,0.9013452914798201,0.8946188340807175,0.8843049327354271
115,0.001,715,540,175,,0.9751552795031055,0.9394409937888198,0.9316770186335404,0.9332298136645962,0.9118012422360265
116,0.001,2,,,truncated_max_new_tokens,,,,,
117,0.001,2,,,truncated_max_new_tokens,,,,,
118,0.001,1056,518,538,,0.9239130434782609,0.8668478260869565,0.8478260869565214,0.8315217391304348,0.843478260869565
119,0.001,597,360,237,,0.9090909090909091,0.8664772727272727,0.8200757575757579,0.796875,0.8215909090909083
120,0.001,3606,2666,940,,0.9575,0.93,0.922500000000001,0.918125,0.9130000000000028
121,0.001,2,,,truncated_max_new_tokens,,,,,
122,0.001,2,,,truncated_max_new_tokens,,,,,
123,0.001,752,589,163,,0.9528301886792453,0.9198113207547169,0.8867924528301884,0.8785377358490566,0.8745283018867936
124,0.001,2236,2033,203,,0.9788519637462235,0.9486404833836858,0.9385699899295072,0.9282477341389728,0.9293051359516638
125,0.001,400,290,110,,0.95625,0.890625,0.875,0.9078125,0.8824999999999996
126,0.001,1011,905,106,,0.9290780141843972,0.9042553191489362,0.9007092198581563,0.9042553191489362,0.895035460992907
127,0.001,597,385,212,,0.9597855227882037,0.8981233243967829,0.8891867739052733,0.8981233243967829,0.8981233243967858
128,0.001,2450,1674,776,,0.8632075471698113,0.8797169811320755,0.8537735849056598,0.8573113207547169,0.8641509433962274
129,0.001,2265,2122,143,,0.9637681159420289,0.9311594202898551,0.934782608695652,0.9166666666666666,0.9188405797101464
130,0.001,748,548,200,,0.9620253164556962,0.9135021097046413,0.9071729957805901,0.9219409282700421,0.9215189873417736
131,0.001,3584,2528,1056,,0.946843853820598,0.8853820598006644,0.8504983388704311,0.8480066445182725,0.8531561461794039
132,0.001,388,310,78,,0.9375,0.8784722222222222,0.8912037037037046,0.8854166666666666,0.8791666666666654
133,0.001,659,463,196,,0.9187817258883249,0.8223350253807107,0.8392554991539757,0.8324873096446701,0.8253807106598987
134,0.001,594,331,263,,0.9166666666666666,0.8511904761904762,0.8432539682539686,0.8482142857142857,0.8392857142857136
135,0.001,664,390,274,,0.9522292993630573,0.8821656050955414,0.8874734607218684,0.8694267515923567,0.8815286624203844
136,0.001,792,364,428,,0.940625,0.8859375,0.8864583333333332,0.89375,0.8943750000000021
137,0.001,1213,633,580,,0.6274509803921569,0.6058823529411764,0.5437908496732027,0.5127450980392156,0.501176470588235
138,0.001,394,319,75,,0.9272727272727272,0.8704545454545455,0.8787878787878783,0.85,0.8727272727272737
139,0.001,2,,,truncated_max_new_tokens,,,,,
140,0.001,942,937,5,,0.9940828402366864,0.9955621301775148,0.9802761341222882,0.988905325443787,0.9816568047337282
141,0.001,405,168,237,,0.9363636363636364,0.9272727272727272,0.8818181818181813,0.8977272727272727,0.8827272727272734
142,0.001,2118,913,1205,,0.8917378917378918,0.8390313390313391,0.8414055080721745,0.834045584045584,0.8313390313390338
143,0.001,919,688,231,,0.9578059071729957,0.9071729957805907,0.90857946554149,0.8997890295358649,0.8928270042194102
144,0.001,658,149,509,,0.9242424242424242,0.8674242424242424,0.8598484848484836,0.8513257575757576,0.8530303030303048
145,0.001,574,304,270,,0.9185185185185185,0.7981481481481482,0.781481481481481,0.7685185185185185,0.7770370370370381
146,0.001,597,172,425,,0.9247787610619469,0.8694690265486725,0.8510324483775803,0.8584070796460177,0.8469026548672576
147,0.001,538,477,61,,0.9807692307692307,0.9423076923076923,0.9145299145299145,0.9358974358974359,0.9192307692307691
148,0.001,379,320,59,,0.916030534351145,0.9122137404580153,0.8625954198473289,0.8702290076335878,0.8671755725190832
149,0.001,1180,642,538,,0.954225352112676,0.9137323943661971,0.8861502347417829,0.8626760563380281,0.8859154929577483
150,0.001,430,345,85,,0.9559748427672956,0.9119496855345912,0.9056603773584906,0.9056603773584906,0.90062893081761
151,0.001,601,433,168,,0.946969696969697,0.8901515151515151,0.8813131313131317,0.884469696969697,0.8999999999999995
152,0.001,650,460,190,,0.9502762430939227,0.9226519337016574,0.9152854511970531,0.914364640883978,0.9204419889502762
153,0.001,454,358,96,,0.9457831325301205,0.9006024096385542,0.899598393574297,0.8810240963855421,0.8963855421686746
154,0.001,2,,,truncated_max_new_tokens,,,,,
155,0.001,1365,551,814,,0.9265536723163842,0.865819209039548,0.8587570621468928,0.8538135593220338,0.8401129943502855
156,0.001,650,276,374,,0.8938775510204081,0.8448979591836735,0.8448979591836726,0.8346938775510204,0.8204081632653071
157,0.001,1060,938,122,,0.957983193277311,0.9033613445378151,0.9075630252100833,0.9086134453781513,0.905042016806724
158,0.001,4899,1593,3306,,0.3784860557768924,0.3107569721115538,0.2802124833997346,0.28386454183266935,0.28764940239043857
159,0.001,2238,1172,1066,,0.8821548821548821,0.8602693602693603,0.8327721661054982,0.8409090909090909,0.8478114478114499
160,0.001,6920,6050,870,,0.9291666666666667,0.8833333333333333,0.8777777777777772,0.865625,0.8741666666666673
161,0.001,400,122,278,,0.9809523809523809,0.8857142857142857,0.8888888888888888,0.8904761904761904,0.8761904761904754
162,0.001,3937,3636,301,,0.9830028328611898,0.9475920679886686,0.9405099150141645,0.9454674220963173,0.9303116147308798
163,0.001,653,505,148,,0.956140350877193,0.9429824561403509,0.9400584795321633,0.9243421052631579,0.9254385964912294
164,0.001,810,509,301,,0.975609756097561,0.9044715447154471,0.9078590785907847,0.915650406504065,0.9089430894308954
165,0.001,1665,1467,198,,0.9614147909967846,0.9389067524115756,0.9121114683815653,0.9147909967845659,0.9151125401929278
166,0.001,2,,,truncated_max_new_tokens,,,,,
167,0.001,1868,1131,737,,0.9413680781758957,0.8648208469055375,0.8534201954397383,0.8566775244299675,0.8482084690553764
168,0.001,787,735,52,,0.9626168224299065,0.9439252336448598,0.9356178608515057,0.9392523364485982,0.9451713395638645
169,0.001,630,153,477,,0.7465753424657534,0.6643835616438356,0.6449771689497709,0.6190068493150684,0.6061643835616439
170,0.001,276,133,143,,0.8928571428571429,0.7946428571428571,0.8095238095238095,0.7901785714285714,0.7678571428571426
171,0.001,2,,,truncated_max_new_tokens,,,,,
172,0.001,710,388,322,,0.9137931034482759,0.9281609195402298,0.9157088122605362,0.8936781609195402,0.9172413793103453
173,0.001,2,,,truncated_max_new_tokens,,,,,
174,0.001,590,426,164,,0.9127906976744186,0.8662790697674418,0.8604651162790697,0.8691860465116279,0.8686046511627904
175,0.001,2967,1892,1075,,0.9516616314199395,0.9259818731117825,0.9003021148036254,0.8851963746223565,0.8888217522658629
176,0.001,457,245,212,,0.927536231884058,0.8876811594202898,0.8478260869565223,0.8460144927536232,0.8405797101449263
177,0.001,2,,,truncated_max_new_tokens,,,,,
178,0.001,869,629,240,,0.9795918367346939,0.9370748299319728,0.9206349206349199,0.9226190476190477,0.9217687074829949
179,0.001,776,422,354,,0.9448529411764706,0.9007352941176471,0.8958333333333325,0.9053308823529411,0.8992647058823546
180,0.001,517,194,323,,0.9186046511627907,0.7790697674418605,0.777131782945737,0.7790697674418605,0.7883720930232546
181,0.001,4477,3709,768,,0.9488817891373802,0.9121405750798722,0.916932907348243,0.896964856230032,0.8958466453674141
182,0.001,3251,2191,1060,,0.963855421686747,0.9116465863453815,0.8888888888888876,0.8835341365461847,0.8907630522088362
183,0.001,833,678,155,,0.9717741935483871,0.9193548387096774,0.9193548387096769,0.9082661290322581,0.9153225806451623
184,0.001,2,,,truncated_max_new_tokens,,,,,
185,0.001,415,297,118,,0.9381443298969072,0.9329896907216495,0.9140893470790379,0.8943298969072165,0.9175257731958757
186,0.001,532,509,23,,0.9264705882352942,0.9264705882352942,0.9117647058823533,0.9136029411764706,0.908823529411764
187,0.001,2,,,truncated_max_new_tokens,,,,,
188,0.001,397,246,151,,0.9416666666666667,0.9,0.8416666666666671,0.85,0.8499999999999992
189,0.001,747,691,56,,0.9471698113207547,0.8962264150943396,0.8855345911949679,0.869811320754717,0.878490566037737
190,0.001,2,,,truncated_max_new_tokens,,,,,
191,0.001,2,,,truncated_max_new_tokens,,,,,
192,0.001,1047,855,192,,0.975609756097561,0.9161585365853658,0.9115853658536583,0.9100609756097561,0.9054878048780508
193,0.001,693,571,122,,0.960431654676259,0.9226618705035972,0.9124700239808142,0.9019784172661871,0.904316546762592
194,0.001,1124,1012,112,,0.9787234042553191,0.949468085106383,0.9326241134751769,0.9348404255319149,0.9414893617021284
195,0.001,426,380,46,,0.9081081081081082,0.8891891891891892,0.8594594594594596,0.8648648648648649,0.8497297297297297
196,0.001,271,172,99,,0.9565217391304348,0.8840579710144928,0.8550724637681156,0.8804347826086957,0.8898550724637675
197,0.001,841,460,381,,0.9102902374670184,0.8456464379947229,0.8249780123131052,0.8245382585751979,0.8221635883905041
198,0.001,1129,758,371,,0.9860279441117764,0.9391217564870259,0.9254823685961427,0.9181636726546906,0.92734530938124
199,0.001,2,,,truncated_max_new_tokens,,,,,
200,0.001,640,561,79,,0.9513274336283186,0.9137168141592921,0.8908554572271384,0.9081858407079646,0.8946902654867265
201,0.001,6259,5508,751,,0.9618528610354223,0.9250681198910081,0.9209809264305183,0.9189373297002725,0.9084468664850157
202,0.001,632,347,285,,0.941747572815534,0.8640776699029126,0.8754045307443357,0.8652912621359223,0.865048543689321
203,0.001,472,454,18,,0.9785407725321889,0.9334763948497854,0.9370529327610864,0.9495708154506438,0.9321888412017176
204,0.001,1033,731,302,,0.9141630901287554,0.8819742489270386,0.8540772532188834,0.8508583690987125,0.866952789699572
205,0.001,2,,,truncated_max_new_tokens,,,,,
206,0.001,818,626,192,,0.9493670886075949,0.8924050632911392,0.9198312236286914,0.8987341772151899,0.9071729957805921
207,0.001,2,,,truncated_max_new_tokens,,,,,
208,0.001,519,313,206,,0.9294871794871795,0.8653846153846154,0.8589743589743595,0.8573717948717948,0.8692307692307688
209,0.001,988,630,358,,0.9701492537313433,0.8955223880597015,0.8383084577114432,0.8470149253731343,0.864179104477611
210,0.001,987,686,301,,0.9738562091503268,0.8823529411764706,0.8431372549019613,0.8709150326797386,0.866666666666666
211,0.001,6770,5414,1356,,0.9713467048710601,0.8853868194842407,0.8806112702960841,0.8875358166189111,0.8853868194842431
212,0.001,3375,2614,761,,0.5820433436532507,0.49226006191950467,0.47265221878224956,0.45123839009287925,0.4383900928792577
213,0.001,754,548,206,,0.9661016949152542,0.9216101694915254,0.8983050847457622,0.9067796610169492,0.9067796610169507
214,0.001,1826,607,1219,,0.53125,0.5140625,0.4729166666666667,0.4515625,0.4524999999999998
215,0.001,555,477,78,,0.9457831325301205,0.9246987951807228,0.9397590361445785,0.9307228915662651,0.9289156626506023
216,0.001,617,130,487,,0.8326530612244898,0.7326530612244898,0.7183673469387748,0.7163265306122449,0.7314285714285718
217,0.001,3248,1606,1642,,0.935064935064935,0.8766233766233766,0.8715728715728723,0.8652597402597403,0.8670995670995703
218,0.001,2499,1282,1217,,0.9525547445255474,0.8832116788321168,0.8661800486617993,0.8585766423357665,0.872262773722629
219,0.001,580,265,315,,0.6517857142857143,0.640625,0.6205357142857143,0.5870535714285714,0.5901785714285711
220,0.001,1653,1537,116,,0.9693486590038314,0.921455938697318,0.9233716475095779,0.9262452107279694,0.9264367816091962
221,0.001,390,199,191,,0.9402985074626866,0.927860696517413,0.8822553897180755,0.8868159203980099,0.8835820895522394
222,0.001,688,513,175,,0.9302325581395349,0.875,0.8468992248062016,0.8619186046511628,0.852325581395349
223,0.001,2,,,truncated_max_new_tokens,,,,,
224,0.001,2975,2011,964,,0.9690265486725663,0.879424778761062,0.86061946902655,0.8495575221238938,0.8619469026548711
225,0.001,1739,1563,176,,0.9423076923076923,0.9057692307692308,0.8743589743589735,0.8875,0.8846153846153855
226,0.001,820,624,196,,0.9540636042402827,0.9151943462897526,0.9104829210836268,0.9019434628975265,0.9074204946996481
227,0.001,701,238,463,,0.9447852760736196,0.8558282208588958,0.844580777096115,0.8404907975460123,0.8380368098159502
228,0.001,1586,1385,201,,0.9814814814814815,0.9518518518518518,0.9469135802469131,0.9333333333333333,0.9340740740740755
229,0.001,931,817,114,,0.9753521126760564,0.9242957746478874,0.9389671361502342,0.9295774647887324,0.9183098591549312
230,0.001,594,533,61,,0.967032967032967,0.9423076923076923,0.9194139194139188,0.9354395604395604,0.9329670329670333
231,0.001,1499,422,1077,,0.902027027027027,0.8344594594594594,0.8277027027027012,0.816722972972973,0.815540540540542
232,0.001,3407,2255,1152,,0.9539748953974896,0.8786610878661087,0.9051603905160382,0.8964435146443515,0.8845188284518845
233,0.001,520,518,2,,0.9788359788359788,0.9841269841269841,0.9700176366843031,0.9748677248677249,0.9820105820105821
234,0.001,1014,573,441,,0.9152542372881356,0.9067796610169492,0.9005649717514109,0.9101694915254237,0.9098305084745779
235,0.001,1253,1017,236,,0.9013157894736842,0.8898026315789473,0.8826754385964906,0.8717105263157895,0.8828947368421074
236,0.001,699,515,184,,0.967741935483871,0.8951612903225806,0.8978494623655914,0.8978494623655914,0.9064516129032264
237,0.001,3643,2787,856,,0.9692028985507246,0.9402173913043478,0.9202898550724659,0.9207427536231884,0.9137681159420319
238,0.001,696,289,407,,0.9213483146067416,0.8567415730337079,0.8370786516853931,0.8342696629213483,0.8516853932584266
239,0.001,733,150,583,,0.7588424437299035,0.6237942122186495,0.5852090032154332,0.590032154340836,0.5948553054662379
240,0.001,791,179,612,,0.9463414634146341,0.848780487804878,0.8487804878048776,0.8463414634146341,0.8439024390243902
241,0.001,762,376,386,,0.9361702127659575,0.8652482269503546,0.8486997635933815,0.8315602836879432,0.8439716312056725
242,0.001,1241,905,336,,0.9845201238390093,0.9380804953560371,0.9236326109391121,0.9256965944272446,0.9250773993808068
243,0.001,704,668,36,,0.9319727891156463,0.9081632653061225,0.9251700680272109,0.9285714285714286,0.9265306122448976
244,0.001,564,448,116,,0.9587155963302753,0.8967889908256881,0.8929663608562687,0.908256880733945,0.8889908256880747
245,0.001,685,513,172,,0.945054945054945,0.9120879120879121,0.8864468864468863,0.9175824175824175,0.9032967032967035
246,0.001,1407,1304,103,,0.9657794676806084,0.9429657794676806,0.9188846641318116,0.9268060836501901,0.9178707224334617
247,0.001,923,48,875,,0.9090909090909091,0.8337662337662337,0.8060606060606056,0.7896103896103897,0.8020779220779252
248,0.001,2,,,truncated_max_new_tokens,,,,,
249,0.001,532,367,165,,0.9166666666666666,0.9100877192982456,0.8757309941520462,0.8848684210526315,0.8614035087719307
250,0.001,1016,595,421,,0.9090909090909091,0.8653846153846154,0.8787878787878777,0.8653846153846154,0.855944055944058
251,0.001,782,656,126,,0.9402985074626866,0.9365671641791045,0.9029850746268647,0.9095149253731343,0.9022388059701513
252,0.001,449,118,331,,0.9040404040404041,0.8181818181818182,0.7946127946127945,0.7815656565656566,0.7797979797979797
253,0.001,2558,1326,1232,,0.9305555555555556,0.9125,0.9027777777777782,0.8916666666666667,0.8783333333333363
254,0.001,655,513,142,,0.9737827715355806,0.9269662921348315,0.8938826466916346,0.9110486891385767,0.9123595505617995
255,0.001,608,452,156,,0.9476190476190476,0.8666666666666667,0.8634920634920631,0.8523809523809524,0.858095238095239
256,0.001,1994,1232,762,,0.9496402877697842,0.9028776978417267,0.8717026378896872,0.8732014388489209,0.8791366906474835
257,0.001,870,738,132,,0.9644128113879004,0.9234875444839857,0.9122182680901534,0.9190391459074733,0.9117437722419947
258,0.001,480,369,111,,0.9545454545454546,0.9386363636363636,0.9151515151515145,0.9136363636363637,0.9036363636363647
259,0.001,757,675,82,,0.9845559845559846,0.9575289575289575,0.931788931788931,0.9305019305019305,0.9250965250965266
260,0.001,789,456,333,,0.9025641025641026,0.8358974358974359,0.851282051282051,0.8769230769230769,0.8615384615384621
261,0.001,2015,1484,531,,0.9678714859437751,0.9317269076305221,0.923025435073629,0.9201807228915663,0.9172690763052239
262,0.001,1853,542,1311,,0.8685897435897436,0.8157051282051282,0.7831196581196567,0.7724358974358975,0.7820512820512832
263,0.001,658,434,224,,0.9811320754716981,0.9221698113207547,0.90566037735849,0.9115566037735849,0.9009433962264157
264,0.001,2,,,truncated_max_new_tokens,,,,,
265,0.001,2603,1049,1554,,0.8898550724637682,0.8492753623188406,0.8135265700483095,0.8043478260869565,0.8197101449275384
266,0.001,3504,3166,338,,0.9843260188087775,0.9561128526645768,0.9508881922675025,0.9302507836990596,0.9329153605015689
267,0.001,1767,707,1060,,0.8914285714285715,0.8385714285714285,0.8142857142857146,0.8171428571428572,0.8160000000000022
268,0.001,484,433,51,,0.972972972972973,0.9493243243243243,0.9436936936936938,0.9442567567567568,0.9378378378378376
269,0.001,1641,762,879,,0.9214659685863874,0.8167539267015707,0.8097731239092494,0.7971204188481675,0.8052356020942407
270,0.001,1469,925,544,,0.974910394265233,0.9032258064516129,0.8876941457586608,0.8853046594982079,0.8781362007168474
271,0.001,667,346,321,,0.9636363636363636,0.9090909090909091,0.9151515151515142,0.92,0.8960000000000018
272,0.001,1140,1054,86,,0.9836734693877551,0.9489795918367347,0.9442176870748291,0.9377551020408164,0.946122448979593
273,0.001,361,305,56,,0.9421487603305785,0.9132231404958677,0.9146005509641875,0.9028925619834711,0.9157024793388423
274,0.001,1784,795,989,,0.9557522123893806,0.9129793510324484,0.895771878072763,0.8908554572271387,0.8855457227138664
275,0.001,1305,1108,197,,0.9682539682539683,0.9222222222222223,0.9185185185185183,0.9238095238095239,0.9212698412698427
276,0.001,1585,766,819,,0.8972809667673716,0.7945619335347432,0.7673716012084577,0.7522658610271903,0.7498489425981882
277,0.001,700,602,98,,0.9477124183006536,0.9215686274509803,0.8954248366013076,0.8970588235294118,0.8980392156862738
278,0.001,692,566,126,,0.9470588235294117,0.9117647058823529,0.8941176470588236,0.8970588235294118,0.8835294117647058
279,0.001,1210,988,222,,0.9400749063670412,0.897003745318352,0.8951310861423216,0.9082397003745318,0.9101123595505627
280,0.001,776,626,150,,0.9562841530054644,0.8852459016393442,0.8797814207650267,0.8784153005464481,0.877595628415301
281,0.001,712,541,171,,0.93717277486911,0.9031413612565445,0.8603839441535774,0.8612565445026178,0.8764397905759166
282,0.001,359,78,281,,0.8457142857142858,0.7314285714285714,0.6933333333333342,0.6657142857142857,0.6571428571428557
283,0.001,884,712,172,,0.9588235294117647,0.8794117647058823,0.9098039215686271,0.9191176470588235,0.9247058823529413
284,0.001,868,714,154,,0.9662921348314607,0.9269662921348315,0.9088639200998744,0.9166666666666666,0.9191011235955069
285,0.001,501,424,77,,0.9333333333333333,0.9166666666666666,0.895555555555556,0.9066666666666666,0.9053333333333329
286,0.001,1236,1173,63,,0.940959409594096,0.9428044280442804,0.9323493234932343,0.915129151291513,0.9188191881918836
287,0.001,3502,3402,100,,0.958904109589041,0.9178082191780822,0.9208523592085229,0.908675799086758,0.9086757990867587
288,0.001,2,,,truncated_max_new_tokens,,,,,
289,0.001,2,,,truncated_max_new_tokens,,,,,
290,0.001,2,,,truncated_max_new_tokens,,,,,
291,0.001,631,396,235,,0.9237668161434978,0.8901345291479821,0.88490284005979,0.875560538116592,0.8843049327354268
292,0.001,647,368,279,,0.9402985074626866,0.8861940298507462,0.8619402985074612,0.8722014925373134,0.8664179104477628
293,0.001,2,,,truncated_max_new_tokens,,,,,
294,0.001,495,279,216,,0.9469026548672567,0.8141592920353983,0.8761061946902657,0.8141592920353983,0.8141592920353973
295,0.001,1034,788,246,,0.9347826086956522,0.8885869565217391,0.8804347826086952,0.8940217391304348,0.8771739130434782
296,0.001,1699,1141,558,,0.963963963963964,0.9054054054054054,0.8858858858858851,0.8930180180180181,0.8801801801801811
297,0.001,999,457,542,,0.8972332015810277,0.8754940711462451,0.8669301712779964,0.8488142292490118,0.8569169960474318
298,0.001,2,,,truncated_max_new_tokens,,,,,
299,0.001,1676,956,720,,0.8544061302681992,0.8084291187739464,0.7982120051085557,0.7873563218390804,0.7808429118773955
300,0.001,529,251,278,,0.9602446483180428,0.9204892966360856,0.8939857288481141,0.8868501529051988,0.889296636085629
301,0.001,1298,630,668,,0.9243421052631579,0.875,0.8541666666666652,0.8478618421052632,0.851973684210528
302,0.001,1061,621,440,,0.9277777777777778,0.8944444444444445,0.8870370370370373,0.8847222222222222,0.8966666666666672
303,0.001,3277,2579,698,,0.9452332657200812,0.9046653144016227,0.9039891818796502,0.8985801217038539,0.9022312373225185
304,0.001,4439,1985,2454,,0.9649484536082474,0.8721649484536083,0.8714776632302421,0.8690721649484536,0.8622680412371181
305,0.001,340,239,101,,0.9375,0.8571428571428571,0.8571428571428575,0.8459821428571429,0.8285714285714276
306,0.001,681,613,68,,0.9479166666666666,0.9140625,0.8854166666666662,0.89453125,0.895833333333334
307,0.001,723,568,155,,0.9533898305084746,0.9194915254237288,0.9138418079096037,0.8951271186440678,0.8974576271186451
308,0.001,690,366,324,,0.9022222222222223,0.8444444444444444,0.8488888888888882,0.8522222222222222,0.8400000000000006
309,0.001,923,481,442,,0.8235294117647058,0.6583710407239819,0.6395173453996986,0.6153846153846154,0.613574660633483
310,0.001,2319,1905,414,,0.9619047619047619,0.9261904761904762,0.9079365079365087,0.9095238095238095,0.9147619047619074
311,0.001,1186,942,244,,0.9539007092198581,0.8865248226950354,0.8640661938534266,0.8599290780141844,0.8460992907801433
312,0.001,1541,708,833,,0.8759493670886076,0.8341772151898734,0.8295358649789033,0.8113924050632911,0.8045569620253191
313,0.001,596,501,95,,0.9722222222222222,0.9259259259259259,0.9089506172839504,0.9166666666666666,0.9148148148148155
314,0.001,914,852,62,,0.9781659388646288,0.9650655021834061,0.9505094614264918,0.9486899563318777,0.939737991266376
315,0.001,2579,1618,961,,0.6715116279069767,0.563953488372093,0.5135658914728682,0.4898255813953488,0.4773255813953488
316,0.001,667,301,366,,0.9234042553191489,0.8489361702127659,0.8297872340425527,0.8393617021276596,0.8578723404255327
317,0.001,4645,2321,2324,,0.6570680628272252,0.5798429319371727,0.5453752181500867,0.537303664921466,0.5293193717277489
318,0.001,886,457,429,,0.8756756756756757,0.8243243243243243,0.7963963963963965,0.7797297297297298,0.7697297297297285
319,0.001,3743,2840,903,,0.9276018099547512,0.9253393665158371,0.9004524886877827,0.8936651583710408,0.8932126696832587
320,0.001,852,644,208,,0.9780701754385965,0.918859649122807,0.9005847953216367,0.9100877192982456,0.9131578947368428
321,0.001,918,673,245,,0.9294117647058824,0.9235294117647059,0.8875816993464046,0.8901960784313725,0.8980392156862755
322,0.001,2,,,truncated_max_new_tokens,,,,,
323,0.001,1610,1099,511,,0.9422222222222222,0.9133333333333333,0.866666666666666,0.88,0.8844444444444454
324,0.001,682,324,358,,0.9547511312217195,0.8076923076923077,0.7828054298642532,0.8020361990950227,0.7963800904977375
325,0.001,832,719,113,,0.9884393063583815,0.9739884393063584,0.9479768786127166,0.9277456647398844,0.9468208092485553
326,0.001,654,485,169,,0.9692307692307692,0.9230769230769231,0.9076923076923079,0.9076923076923077,0.9076923076923069
327,0.001,1598,768,830,,0.9279538904899135,0.877521613832853,0.8722382324687802,0.8544668587896254,0.859365994236314
328,0.001,2252,1840,412,,0.9811912225705329,0.9169278996865203,0.9080459770114945,0.9098746081504702,0.9059561128526668
329,0.001,1262,1072,190,,0.946078431372549,0.9068627450980392,0.8921568627450975,0.8848039215686274,0.8960784313725497
330,0.001,1020,551,469,,0.8070175438596491,0.7076023391812866,0.7095516569200786,0.7032163742690059,0.7087719298245604
331,0.001,3639,2092,1547,,0.8857677902621723,0.8642322097378277,0.8520599250936357,0.8600187265917603,0.8539325842696672
332,0.001,913,389,524,,0.9724137931034482,0.8482758620689655,0.8367816091954029,0.8551724137931035,0.8441379310344816
333,0.001,1937,729,1208,,0.8758389261744967,0.8154362416107382,0.8098434004474263,0.8112416107382551,0.8087248322147667
334,0.001,1671,1146,525,,0.93,0.88,0.8922222222222214,0.875,0.8893333333333356
335,0.001,720,652,68,,0.9567099567099567,0.9567099567099567,0.9163059163059156,0.922077922077922,0.9264069264069273
336,0.001,2,,,truncated_max_new_tokens,,,,,
337,0.001,1354,858,496,,0.9546925566343042,0.9255663430420712,0.8996763754045304,0.8996763754045307,0.8944983818770246
338,0.001,2,,,truncated_max_new_tokens,,,,,
339,0.001,578,435,143,,0.9617486338797814,0.912568306010929,0.8870673952641165,0.894808743169399,0.8841530054644813
340,0.001,4188,3888,300,,0.9599271402550091,0.9371584699453552,0.9368548876745612,0.9262295081967213,0.9245901639344287
341,0.001,918,446,472,,0.9113924050632911,0.8876582278481012,0.8512658227848086,0.8662974683544303,0.8658227848101283
342,0.001,1321,994,327,,0.9162011173184358,0.888268156424581,0.8752327746741146,0.8966480446927374,0.8905027932960894
343,0.001,934,271,663,,0.946843853820598,0.8754152823920266,0.8394241417497216,0.8480066445182725,0.845847176079736
344,0.001,831,626,205,,0.9535603715170279,0.9210526315789473,0.914344685242518,0.9148606811145511,0.912693498452014
345,0.001,612,444,168,,0.9556650246305419,0.8940886699507389,0.8899835796387517,0.8830049261083743,0.8955665024630549
346,0.001,798,524,274,,0.9053497942386831,0.8497942386831275,0.8203017832647451,0.8034979423868313,0.8189300411522643
347,0.001,409,156,253,,0.6923076923076923,0.6192307692307693,0.5743589743589745,0.5711538461538461,0.5784615384615384
348,0.001,498,417,81,,0.9477124183006536,0.8627450980392157,0.8779956427015255,0.8872549019607843,0.8980392156862743
349,0.001,926,609,317,,0.9584775086505191,0.9204152249134948,0.8835063437139553,0.8961937716262975,0.8961937716262993
350,0.001,397,128,269,,0.8071428571428572,0.75,0.7023809523809531,0.7071428571428572,0.7142857142857135
351,0.001,2973,1177,1796,,0.9293286219081273,0.8798586572438163,0.873969375736159,0.8639575971731449,0.8530035335689061
352,0.001,469,41,428,,0.8055555555555556,0.7027777777777777,0.6574074074074084,0.6375,0.6399999999999988
353,0.001,602,261,341,,0.9299363057324841,0.8694267515923567,0.8662420382165607,0.8264331210191083,0.8242038216560499
354,0.001,1008,382,626,,0.8705882352941177,0.788235294117647,0.7673202614379074,0.7686274509803922,0.7411764705882357
355,0.001,3082,2135,947,,0.9255663430420712,0.883495145631068,0.8716289104638609,0.8745954692556634,0.8802588996763776
356,0.001,2,,,truncated_max_new_tokens,,,,,
357,0.001,438,357,81,,0.9914529914529915,0.9636752136752137,0.9401709401709395,0.9305555555555556,0.9418803418803431
358,0.001,1274,1186,88,,0.9416058394160584,0.906934306569343,0.9111922141119214,0.9114963503649635,0.9065693430656946
359,0.001,1466,551,915,,0.9576547231270358,0.8485342019543974,0.8284473398479896,0.8167752442996743,0.8429967426710117
360,0.001,1221,342,879,,0.9078341013824884,0.9147465437788018,0.8725038402457752,0.8778801843317973,0.8645161290322589
361,0.001,2080,1843,237,,0.9564102564102565,0.9333333333333333,0.9153846153846157,0.9064102564102564,0.9092307692307716
362,0.001,2609,1562,1047,,0.9395833333333333,0.9020833333333333,0.9020833333333349,0.903125,0.9020833333333365
363,0.001,750,646,104,,0.9787234042553191,0.9441489361702128,0.9228723404255323,0.9128989361702128,0.9164893617021298
364,0.001,411,248,163,,0.9147286821705426,0.8798449612403101,0.8501291989664086,0.875968992248062,0.8728682170542628
365,0.001,2,,,truncated_max_new_tokens,,,,,
366,0.001,927,364,563,,0.9402597402597402,0.8779220779220779,0.8545454545454552,0.8396103896103896,0.8477922077922107
367,0.001,6030,2250,3780,,0.9037328094302554,0.8339882121807466,0.8421741977734134,0.8398821218074656,0.838113948919454
368,0.001,517,398,119,,0.9345794392523364,0.883177570093458,0.8660436137071655,0.8621495327102804,0.841121495327102
369,0.001,695,651,44,,0.9484536082474226,0.9020618556701031,0.9140893470790374,0.913659793814433,0.9206185567010313
370,0.001,2493,1087,1406,,0.948905109489051,0.8740875912408759,0.8564476885644758,0.8631386861313869,0.8459854014598555
371,0.001,379,147,232,,0.9305555555555556,0.84375,0.8657407407407413,0.8333333333333334,0.8444444444444434
372,0.001,456,451,5,,0.9944444444444445,0.9472222222222222,0.9462962962962955,0.9402777777777778,0.9400000000000006
373,0.001,683,495,188,,0.9467213114754098,0.9528688524590164,0.9330601092896171,0.9262295081967213,0.9286885245901653
374,0.001,1594,902,692,,0.9507575757575758,0.9090909090909091,0.8775252525252514,0.8854166666666666,0.8818181818181832
375,0.001,3634,2901,733,,0.9644970414201184,0.9230769230769231,0.8816568047337274,0.8890532544378699,0.9005917159763311
376,0.001,1372,986,386,,0.93048128342246,0.9064171122994652,0.8627450980392154,0.8877005347593583,0.896256684491979
377,0.001,552,312,240,,0.9154929577464789,0.9154929577464789,0.8826291079812206,0.8814553990610329,0.8732394366197189
378,0.001,736,626,110,,0.9726027397260274,0.9315068493150684,0.9375951293759508,0.9440639269406392,0.9388127853881288
379,0.001,735,314,421,,0.9322916666666666,0.828125,0.8194444444444443,0.8385416666666666,0.8302083333333337
380,0.001,855,584,271,,0.8959276018099548,0.8936651583710408,0.8883861236802408,0.8766968325791855,0.8733031674208156
381,0.001,403,254,149,,0.9473684210526315,0.8651315789473685,0.8486842105263165,0.850328947368421,0.8539473684210516
382,0.001,475,382,93,,0.9700598802395209,0.9041916167664671,0.8842315369261473,0.8787425149700598,0.8742514970059878
383,0.001,1178,592,586,,0.978021978021978,0.8818681318681318,0.8608058608058604,0.8502747252747253,0.8582417582417583
384,0.001,514,378,136,,0.9637681159420289,0.9347826086956522,0.9444444444444448,0.9184782608695652,0.9304347826086953
385,0.001,1018,269,749,,0.8902439024390244,0.8475609756097561,0.8414634146341459,0.8407012195121951,0.8390243902439048
386,0.001,1298,299,999,,0.64,0.522,0.5000000000000002,0.484,0.4816
387,0.001,806,417,389,,0.943609022556391,0.8853383458646616,0.8972431077694227,0.8834586466165414,0.8721804511278212
388,0.001,989,613,376,,0.8937007874015748,0.8759842519685039,0.8530183727034113,0.8700787401574803,0.8732283464566947
389,0.001,1031,777,254,,0.9683908045977011,0.9410919540229885,0.9291187739463611,0.9288793103448276,0.9178160919540249
390,0.001,880,592,288,,0.9451476793248945,0.9240506329113924,0.8860759493670877,0.8924050632911392,0.8970464135021107
391,0.001,686,187,499,,0.875,0.8472222222222222,0.8379629629629627,0.7986111111111112,0.7888888888888883
392,0.001,622,112,510,,0.8368421052631579,0.7894736842105263,0.7578947368421055,0.75,0.7294736842105253
393,0.001,485,114,371,,0.922077922077922,0.8506493506493507,0.8138528138528132,0.7954545454545454,0.8086580086580095
394,0.001,1930,1147,783,,0.6966292134831461,0.5955056179775281,0.523096129837703,0.5,0.4943820224719102
395,0.001,1243,1017,226,,0.9851851851851852,0.9395061728395062,0.922633744855968,0.9160493827160494,0.9155555555555575
396,0.001,914,390,524,,0.9529411764705882,0.9117647058823529,0.8921568627450975,0.8779411764705882,0.8870588235294113
397,0.001,758,593,165,,0.9666666666666667,0.9348484848484848,0.9232323232323231,0.9106060606060606,0.9133333333333353
398,0.001,344,302,42,,0.9432624113475178,0.8936170212765957,0.9172576832151302,0.8971631205673759,0.9148936170212761
399,0.001,2,,,truncated_max_new_tokens,,,,,
400,0.001,756,121,635,,0.7266187050359713,0.6205035971223022,0.5803357314148677,0.5701438848920863,0.5618705035971219
401,0.001,520,293,227,,0.9055555555555556,0.8916666666666667,0.9129629629629628,0.8875,0.8800000000000002
402,0.001,611,516,95,,0.9642857142857143,0.8779761904761905,0.8948412698412698,0.9032738095238095,0.8952380952380954
403,0.001,536,134,402,,0.8785046728971962,0.8177570093457944,0.7866043613707159,0.7745327102803738,0.7700934579439256
404,0.001,2,,,truncated_max_new_tokens,,,,,
405,0.001,6064,5495,569,,0.9558139534883721,0.9279069767441861,0.9224806201550397,0.9133720930232558,0.9083720930232585
406,0.001,1767,617,1150,,0.5353535353535354,0.46464646464646464,0.4590347923681261,0.45707070707070707,0.4397306397306398
407,0.001,828,514,314,,0.9588477366255144,0.9567901234567902,0.9355281207133056,0.918724279835391,0.9358024691358032
408,0.001,2225,1379,846,,0.9776357827476039,0.9185303514376997,0.9297124600638976,0.9161341853035144,0.9092651757188522
409,0.001,867,639,228,,0.9633699633699634,0.9230769230769231,0.9255189255189243,0.9221611721611722,0.919413919413921
410,0.001,794,719,75,,0.926829268292683,0.9024390243902439,0.8910569105691051,0.8963414634146342,0.8995121951219519
411,0.001,2,,,truncated_max_new_tokens,,,,,
412,0.001,1045,703,342,,0.9484126984126984,0.9186507936507936,0.8941798941798935,0.9037698412698413,0.892857142857144
413,0.001,759,498,261,,0.9360902255639098,0.8796992481203008,0.88095238095238,0.8731203007518797,0.8533834586466184
414,0.001,2,,,truncated_max_new_tokens,,,,,
415,0.001,1738,1013,725,,0.8701298701298701,0.8246753246753247,0.770562770562771,0.7516233766233766,0.7753246753246743
416,0.001,897,264,633,,0.9285714285714286,0.8571428571428571,0.80952380952381,0.8232142857142857,0.8371428571428557
417,0.001,576,89,487,,0.8974358974358975,0.7980769230769231,0.7884615384615391,0.7740384615384616,0.7769230769230758
418,0.001,2,,,truncated_max_new_tokens,,,,,
419,0.001,365,296,69,,0.9492753623188406,0.9166666666666666,0.9009661835748796,0.9057971014492754,0.8999999999999991
420,0.001,414,39,375,,0.5824742268041238,0.5231958762886598,0.5137457044673539,0.4961340206185567,0.4948453608247415
421,0.001,562,504,58,,0.9183673469387755,0.8698979591836735,0.8605442176870739,0.8635204081632653,0.8653061224489803
422,0.001,610,319,291,,0.944954128440367,0.9357798165137615,0.8990825688073396,0.8990825688073395,0.9155963302752287
423,0.001,517,367,150,,0.8923076923076924,0.823076923076923,0.7897435897435894,0.8192307692307692,0.7846153846153844
424,0.001,6777,6085,692,,0.9744318181818182,0.9389204545454546,0.928977272727273,0.9247159090909091,0.9227272727272747
425,0.001,2729,2265,464,,0.945273631840796,0.9203980099502488,0.897180762852404,0.8955223880597015,0.8925373134328363
426,0.001,719,641,78,,0.9917355371900827,0.9524793388429752,0.9269972451790627,0.9245867768595041,0.9231404958677697
427,0.001,2977,671,2306,,0.41721854304635764,0.3360927152317881,0.3278145695364237,0.32367549668874174,0.3238410596026492
428,0.001,979,28,951,,0.7467811158798283,0.6502145922746781,0.5965665236051506,0.5836909871244635,0.5802575107296132
429,0.001,861,600,261,,0.9245283018867925,0.8797169811320755,0.8537735849056594,0.8455188679245284,0.8424528301886797
430,0.001,1120,430,690,,0.5229357798165137,0.48394495412844035,0.470948012232416,0.44954128440366975,0.4357798165137614
431,0.001,619,417,202,,0.9720930232558139,0.9116279069767442,0.9038759689922479,0.9011627906976745,0.9013953488372098
432,0.001,1393,900,493,,0.9724409448818898,0.9192913385826772,0.9107611548556421,0.9015748031496063,0.9031496062992141
433,0.001,598,444,154,,0.9415204678362573,0.9152046783625731,0.8966861598440543,0.9166666666666666,0.9251461988304099
434,0.001,926,686,240,,0.9354838709677419,0.9059139784946236,0.8960573476702506,0.8629032258064516,0.8741935483870972
435,0.001,474,63,411,,0.8243243243243243,0.777027027027027,0.7522522522522527,0.7483108108108109,0.7594594594594585
436,0.001,3135,2185,950,,0.9466666666666667,0.89,0.8711111111111097,0.8725,0.8780000000000023
437,0.001,1086,444,642,,0.9473684210526315,0.8881578947368421,0.8684210526315791,0.8546052631578948,0.8584210526315825
438,0.001,750,554,196,,0.9473684210526315,0.9453441295546559,0.9068825910931168,0.8967611336032388,0.8955465587044548
439,0.001,698,227,471,,0.9022222222222223,0.8266666666666667,0.8399999999999991,0.8488888888888889,0.8462222222222232
440,0.001,659,537,122,,0.944,0.902,0.9093333333333322,0.905,0.900800000000001
441,0.001,741,593,148,,0.9255014326647565,0.8997134670487106,0.8710601719197708,0.8710601719197708,0.8756446991404033
442,0.001,920,203,717,,0.9329758713136729,0.8753351206434317,0.8489722966934768,0.8518766756032171,0.8595174262734611
443,0.001,634,572,62,,0.9509803921568627,0.8946078431372549,0.8937908496732021,0.8799019607843137,0.9029411764705891
444,0.001,2,,,truncated_max_new_tokens,,,,,
445,0.001,1525,674,851,,0.7429906542056075,0.633177570093458,0.609034267912773,0.5922897196261683,0.5757009345794387
446,0.001,273,198,75,,0.9047619047619048,0.8531746031746031,0.8439153439153443,0.8551587301587301,0.8523809523809515
447,0.001,473,410,63,,0.9609375,0.9375,0.9088541666666659,0.9140625,0.9117187500000014
448,0.001,495,436,59,,0.9593023255813954,0.9127906976744186,0.9089147286821703,0.9055232558139535,0.9058139534883725
449,0.001,2274,1943,331,,0.9344978165938864,0.9061135371179039,0.8937409024745264,0.8831877729257642,0.8838427947598259
450,0.001,656,112,544,,0.7561728395061729,0.6990740740740741,0.6646090534979414,0.658179012345679,0.6493827160493834
451,0.001,352,71,281,,0.8666666666666667,0.7703703703703704,0.7604938271604943,0.7592592592592593,0.7362962962962953
452,0.001,2635,2386,249,,0.9411764705882353,0.8852941176470588,0.864705882352941,0.8897058823529411,0.8799999999999997
453,0.001,427,354,73,,0.984,0.876,0.882666666666667,0.872,0.868799999999999
454,0.001,454,429,25,,0.9647058823529412,0.9235294117647059,0.9235294117647056,0.9279411764705883,0.9247058823529416
455,0.001,1488,876,612,,0.9325842696629213,0.8876404494382022,0.8714107365792749,0.8726591760299626,0.8801498127340839
456,0.001,620,263,357,,0.9161676646706587,0.8922155688622755,0.8862275449101793,0.8667664670658682,0.849101796407185
457,0.001,647,374,273,,0.947945205479452,0.9205479452054794,0.9031963470319638,0.8904109589041096,0.9057534246575373
458,0.001,1018,530,488,,0.9144144144144144,0.8828828828828829,0.8828828828828824,0.8648648648648649,0.8576576576576587
459,0.001,2,,,truncated_max_new_tokens,,,,,
460,0.001,1187,739,448,,0.9643835616438357,0.9438356164383561,0.9278538812785389,0.928082191780822,0.9210958904109612
461,0.001,1044,881,163,,0.9594594594594594,0.9155405405405406,0.9020270270270263,0.9037162162162162,0.9000000000000018
462,0.001,852,471,381,,0.905829596412556,0.899103139013453,0.8699551569506715,0.8811659192825112,0.8717488789237678
463,0.001,2,,,truncated_max_new_tokens,,,,,
464,0.001,509,385,124,,0.9227053140096618,0.8647342995169082,0.8502415458937193,0.8417874396135265,0.8502415458937206
464,0.001,509,385,124,,0.9227053140096618,0.8647342995169082,0.8502415458937193,0.8417874396135265,0.8502415458937206
465,0.001,3234,1968,1266,,0.9218241042345277,0.8599348534201955,0.8610206297502706,0.8688925081433225,0.865146579804562
466,0.001,765,249,516,,0.9095744680851063,0.8563829787234043,0.827127659574468,0.8211436170212766,0.8207446808510671
465,0.001,3234,1968,1266,,0.9218241042345277,0.8599348534201955,0.8610206297502706,0.8688925081433225,0.865146579804562
467,0.001,1105,719,386,,0.95625,0.890625,0.8604166666666666,0.865625,0.8624999999999993
466,0.001,765,249,516,,0.9095744680851063,0.8563829787234043,0.827127659574468,0.8211436170212766,0.8207446808510671
468,0.001,1095,443,652,,0.9396551724137931,0.9037356321839081,0.8668582375478929,0.8635057471264368,0.8695402298850593
467,0.001,1105,719,386,,0.95625,0.890625,0.8604166666666666,0.865625,0.8624999999999993
469,0.001,885,506,379,,0.9365482233502538,0.883248730964467,0.8900169204737743,0.8826142131979695,0.8812182741116779
468,0.001,1095,443,652,,0.9396551724137931,0.9037356321839081,0.8668582375478929,0.8635057471264368,0.8695402298850593
469,0.001,885,506,379,,0.9365482233502538,0.883248730964467,0.8900169204737743,0.8826142131979695,0.8812182741116779
470,0.001,2556,1002,1554,,0.8664921465968587,0.7787958115183246,0.7356020942408367,0.743455497382199,0.7429319371727773
470,0.001,2556,1002,1554,,0.8664921465968587,0.7787958115183246,0.7356020942408367,0.743455497382199,0.7429319371727773
471,0.001,2,,,truncated_max_new_tokens,,,,,
472,0.001,2391,1685,706,,0.9285714285714286,0.9330357142857143,0.9186507936507937,0.9188988095238095,0.9250000000000019
473,0.001,726,388,338,,0.9662162162162162,0.9121621621621622,0.9166666666666662,0.8986486486486487,0.8972972972972991
474,0.001,2107,1364,743,,0.9689922480620154,0.9418604651162791,0.9263565891472861,0.9176356589147286,0.9170542635658927
475,0.001,507,239,268,,0.9470899470899471,0.8571428571428571,0.8906525573192239,0.873015873015873,0.8624338624338629
476,0.001,774,613,161,,0.9586776859504132,0.9400826446280992,0.9159779614325061,0.9049586776859504,0.9041322314049599
477,0.001,2340,1462,878,,0.9269662921348315,0.8820224719101124,0.8483146067415729,0.8553370786516854,0.8393258426966289
478,0.001,868,779,89,,0.9583333333333334,0.9120370370370371,0.9120370370370362,0.8969907407407407,0.9074074074074084
479,0.001,400,337,63,,0.8909090909090909,0.8409090909090909,0.8393939393939396,0.85,0.8381818181818177
480,0.001,2,,,truncated_max_new_tokens,,,,,
481,0.001,897,159,738,,0.8470149253731343,0.7854477611940298,0.7499999999999989,0.746268656716418,0.7395522388059705
482,0.001,1131,443,688,,0.9304635761589404,0.8642384105960265,0.8443708609271511,0.8443708609271523,0.8390728476821212
483,0.001,2,,,truncated_max_new_tokens,,,,,
484,0.001,485,304,181,,0.7560975609756098,0.7398373983739838,0.718157181571816,0.733739837398374,0.7268292682926819
485,0.001,436,218,218,,0.9432989690721649,0.8865979381443299,0.8711340206185566,0.8672680412371134,0.8639175257731958
486,0.001,727,599,128,,0.9706840390879479,0.9348534201954397,0.9142236699239954,0.9063517915309446,0.908794788273618
487,0.001,1770,991,779,,0.9212121212121213,0.8757575757575757,0.8767676767676771,0.8742424242424243,0.8533333333333325
488,0.001,2,,,truncated_max_new_tokens,,,,,
489,0.001,2,,,truncated_max_new_tokens,,,,,
490,0.001,758,422,336,,0.9573170731707317,0.8963414634146342,0.8821138211382111,0.8925304878048781,0.8835365853658564
491,0.001,463,313,150,,0.9428571428571428,0.8928571428571429,0.9000000000000004,0.8839285714285714,0.8857142857142848
492,0.001,1315,965,350,,0.9454545454545454,0.8963636363636364,0.8703030303030294,0.8590909090909091,0.8727272727272739
493,0.001,816,206,610,,0.9303482587064676,0.8606965174129353,0.8789386401326694,0.8333333333333334,0.8169154228855718
494,0.001,3232,3037,195,,0.9633507853403142,0.9175392670157068,0.9205933682373478,0.9247382198952879,0.9219895287958138
495,0.001,803,511,292,,0.8185328185328186,0.7393822393822393,0.7052767052767049,0.7027027027027027,0.6918918918918925
496,0.001,612,324,288,,0.9357798165137615,0.9059633027522935,0.900611620795106,0.8910550458715596,0.8899082568807352
497,0.001,912,749,163,,0.972972972972973,0.9208494208494209,0.9292149292149283,0.9131274131274131,0.9150579150579164
498,0.001,2,,,truncated_max_new_tokens,,,,,
499,0.001,681,380,301,,0.9491525423728814,0.9152542372881356,0.9133709981167603,0.9067796610169492,0.9118644067796614
500,0.001,1244,728,516,,0.9311594202898551,0.8967391304347826,0.8719806763285014,0.8686594202898551,0.8768115942029
